,CN,UnitsPerHrs_CN,Team_CN,SG,UnitsPerHrs_SG,Team_SG,difference_SG_CN
0,active classic boxers 's reason boxers cult favorite keep cool especially sticky situations quick-drying lightweight underwear takes minimal space travel pack exposed brushed waistband offers next-to-skin softness five-panel construction traditional boxer back classic fit functional fly made 3.7-oz 100 recycled polyester moisture-wicking performance inseam size 4 1 2 `` recyclable common threads recycling program br br b details b ul li `` silky capilene 1 fabric ultralight breathable quick-to-dry `` li li `` exposed brushed elastic waistband comfort `` li li 5-panel construction traditional boxer back li li `` inseam size 4 1 2 `` `` `` li ul br br b fabric b 3.7-oz 100 all-recycled polyester gladiodor natural odor control garment recyclable common threads recycling program br br b weight b 99 g 3.5 oz br br made mexico,7.18,trade,merino 2 bottoms stop-and-go pace like alpine climbing backcountry riding leave shivers lightweight bottoms help stay dry warm versatile merino layer active lifestyle warm cool weather merino 2 made 73 merino wool spun around all-recycled polyester 27 core luxurious hand improved dry time enduring strength inherently soft comfortable merino naturally resists odor moves moisture away skin regulates body temperature stretches details include brushed-elastic waistband offset inseams functional fly slow-wash merino next-to-skin softness machine-wash cold lay flat dry recyclable common threads recycling program br br b details b ul li `` slow-washed merino wool resists odor naturally insulates even wet durable stretches provides superior performance softness `` li li 18.5 micron-gauge yarn jersey-knit construction luxurious hand li li `` all-recycled polyester core wicks moisture wool next skin controls odor `` li li brushed elastic waistband offset inseam prevent irritation li li functional fly li li `` machine-wash cold lay flat dry `` li ul br br b fabric b 4.85-oz 165-g 73 chlorine-free merino wool 27 all-recycled polyester recyclable common threads recycling program br br b weight b 170 g 5.9 oz br br made usa,7.19,trade ops,0.1390820584144739
1,active classic boxers 's reason boxers cult favorite keep cool especially sticky situations quick-drying lightweight underwear takes minimal space travel pack exposed brushed waistband offers next-to-skin softness five-panel construction traditional boxer back classic fit functional fly made 3.7-oz 100 recycled polyester moisture-wicking performance inseam size 4 1 2 `` recyclable common threads recycling program br br b details b ul li `` silky capilene 1 fabric ultralight breathable quick-to-dry `` li li `` exposed brushed elastic waistband comfort `` li li 5-panel construction traditional boxer back li li `` inseam size 4 1 2 `` `` `` li ul br br b fabric b 3.7-oz 100 all-recycled polyester gladiodor natural odor control garment recyclable common threads recycling program br br b weight b 99 g 3.5 oz br br made mexico,7.18,trade,relax fit organic ctn jeans-reg everyday go-to rarely washed favorite relaxed fit organic cotton 5-pocket jeans built long life cut comfort mobility clean classic styling worn almost anything robust 14-oz 100 organic cotton denim breaks right zip fly available three inseam lengths short 30 `` regular 32 `` long 34 `` recyclable common threads recycling program br br b details b ul li durable organic cotton denim li li button-closure zip fly li li 5-pocket-jean styling li li `` inseam 32 `` `` `` li ul br br b fabric b 14-oz 100 organic cotton denim recyclable common threads recycling program br br b weight b 865 g 30 oz br br made mexico,6.03,trade ops,-19.071310116086227
2,active classic boxers 's reason boxers cult favorite keep cool especially sticky situations quick-drying lightweight underwear takes minimal space travel pack exposed brushed waistband offers next-to-skin softness five-panel construction traditional boxer back classic fit functional fly made 3.7-oz 100 recycled polyester moisture-wicking performance inseam size 4 1 2 `` recyclable common threads recycling program br br b details b ul li `` silky capilene 1 fabric ultralight breathable quick-to-dry `` li li `` exposed brushed elastic waistband comfort `` li li 5-panel construction traditional boxer back li li `` inseam size 4 1 2 `` `` `` li ul br br b fabric b 3.7-oz 100 all-recycled polyester gladiodor natural odor control garment recyclable common threads recycling program br br b weight b 99 g 3.5 oz br br made mexico,7.18,trade,relax fit organic ctn jeans-long everyday go-to rarely washed favorite relaxed fit organic cotton 5-pocket jeans built long life cut comfort mobility clean classic styling worn almost anything robust 14-oz 100 organic cotton denim breaks right zip fly available three inseam lengths short 30 `` regular 32 `` long 34 `` recyclable common threads recycling program br br b details b ul li durable organic cotton denim li li button-closure zip fly li li 5-pocket-jean styling li li `` inseam 34 `` `` `` li ul br br b fabric b 14-oz 100 organic cotton denim recyclable common threads recycling program br br b weight b 952 g 33 oz br br made mexico,4.23,trade ops,-69.73995271867611
3,active sport boxer briefs skinning glory requires enough movement without boxers deciding poach route form-fitting active sport boxer briefs made breathable 93 polyester 71 recycled fabric 's fast-wicking dries quickly 7 spandex stretch seamless waistband soft leg edges wo n't roll bind gusseted flat-sewn 6 `` inseam size offset prevent inner-thigh chafe fly-free smooth front panel recyclable common threads recycling program br br b details b ul li `` stretch mesh provides support open-weave mesh airflow wicks efficiently dries fast `` li li seamless construction li li `` flat-sewn gusseted inseam set forward prevent inner-thigh chafe `` li li fly-free support li li `` inseam size 6 `` `` `` li ul br br b fabric b `` 4.6-oz 93 polyester 71 recycled 7 spandex moisture-wicking performance recyclable common threads recycling program `` br br b weight b 60 g 2.1 oz br br made israel,0.23,trade,r1 full-zip jkt stretches breathes wicks warms wonder many serious trail mountain athletes use abuse r1 full-zip front makes even versatile midlayer winter lightweight jacket early spring mornings alpine summer evenings high low interior grid polyester enhances compressibility airflow insulation dry time jersey microfiber face allows smooth layering two zippered handwarmer pockets sit harness line glued-in seams internal mesh pocket bags recyclable common threads recycling program br br b details b ul li `` versatile r1 fleece provides excellent stretch warmth wicking breathability variety temperatures `` li li `` high low interior grid-structure enhances compressibility airflow dry time `` li li jersey microfiber face allows nonbinding layering li li center-front zipper li li handwarmer pockets li ul br br b fabric b r1 6.5-oz polartec power dry 93 polyester 60 recycled 7 spandex recyclable common threads recycling program br br b weight b 357 g 12.6 oz br br made colombia,4.94,trade security,95.34412955465586
4,active sport boxer briefs skinning glory requires enough movement without boxers deciding poach route form-fitting active sport boxer briefs made breathable 93 polyester 71 recycled fabric 's fast-wicking dries quickly 7 spandex stretch seamless waistband soft leg edges wo n't roll bind gusseted flat-sewn 6 `` inseam size offset prevent inner-thigh chafe fly-free smooth front panel recyclable common threads recycling program br br b details b ul li `` stretch mesh provides support open-weave mesh airflow wicks efficiently dries fast `` li li seamless construction li li `` flat-sewn gusseted inseam set forward prevent inner-thigh chafe `` li li fly-free support li li `` inseam size 6 `` `` `` li ul br br b fabric b `` 4.6-oz 93 polyester 71 recycled 7 spandex moisture-wicking performance recyclable common threads recycling program `` br br b weight b 60 g 2.1 oz br br made israel,0.23,trade,merino 2 bottoms stop-and-go pace like alpine climbing backcountry riding leave shivers lightweight bottoms help stay dry warm versatile merino layer active lifestyle warm cool weather merino 2 made 73 merino wool spun around all-recycled polyester 27 core luxurious hand improved dry time enduring strength inherently soft comfortable merino naturally resists odor moves moisture away skin regulates body temperature stretches details include brushed-elastic waistband offset inseams functional fly slow-wash merino next-to-skin softness machine-wash cold lay flat dry recyclable common threads recycling program br br b details b ul li `` slow-washed merino wool resists odor naturally insulates even wet durable stretches provides superior performance softness `` li li 18.5 micron-gauge yarn jersey-knit construction luxurious hand li li `` all-recycled polyester core wicks moisture wool next skin controls odor `` li li brushed elastic waistband offset inseam prevent irritation li li functional fly li li `` machine-wash cold lay flat dry `` li ul br br b fabric b 4.85-oz 165-g 73 chlorine-free merino wool 27 all-recycled polyester recyclable common threads recycling program br br b weight b 170 g 5.9 oz br br made usa,7.19,trade ops,96.80111265646731
5,active sport boxer briefs skinning glory requires enough movement without boxers deciding poach route form-fitting active sport boxer briefs made breathable 93 polyester 71 recycled fabric 's fast-wicking dries quickly 7 spandex stretch seamless waistband soft leg edges wo n't roll bind gusseted flat-sewn 6 `` inseam size offset prevent inner-thigh chafe fly-free smooth front panel recyclable common threads recycling program br br b details b ul li `` stretch mesh provides support open-weave mesh airflow wicks efficiently dries fast `` li li seamless construction li li `` flat-sewn gusseted inseam set forward prevent inner-thigh chafe `` li li fly-free support li li `` inseam size 6 `` `` `` li ul br br b fabric b `` 4.6-oz 93 polyester 71 recycled 7 spandex moisture-wicking performance recyclable common threads recycling program `` br br b weight b 60 g 2.1 oz br br made israel,0.23,trade,merino 2 crew soft long-sleeved tee work sweat biking work catch bouldering session afternoon still people want near pub inherently soft comfortable merino naturally resists odor moves moisture away skin regulates body temperature stretches made versatile merino layer active lifestyle warm cool weather lightweight pullover features 73 merino wool spun around all-recycled polyester 27 core luxurious hand improved dry time enduring strength raglan-sleeve design offset side seams smooth beneath pack straps slow-wash merino next-to-skin softness machine-wash cold lay flat dry recyclable common threads recycling program br br b details b ul li `` slow-washed merino wool resists odor naturally insulates even wet durable stretches provides superior performance softness `` li li 18.5 micron-gauge yarn jersey-knit construction luxurious hand li li `` all-recycled polyester core wicks moisture wool next skin controls odor `` li li self-fabric collar band comfort without binding li li raglan sleeve seams wo n't chafe beneath pack straps li li side seams offset eliminate irritation li li `` machine-wash cold lay flat dry `` li ul br br b fabric b 4.85-oz 165-g 73 chlorine-free merino wool 27 all-recycled polyester recyclable common threads recycling program br br b weight b 167 g 5.8 oz br br made usa,5.01,trade ops,95.40918163672654
6,active sport briefs superbreathable no-fly briefs minimalist 's choice high-octane endeavors made blend fast-wicking quick-drying 93 polyester 71 recycled 7 spandex stretch-mesh support open mesh cooling airflow soft edging leg openings seamless waist wo n't roll create friction layers smooth front panel opacity recyclable common threads recycling program br br b details b ul li `` stretch mesh provides support open-weave mesh airflow wicks efficiently dries fast `` li li seamless construction li li leg openings half-inch self-binding comfort li li fly-free support li ul br br b fabric b `` 4.6-oz 93 polyester 71 recycled 7 spandex moisture-wicking performance recyclable common threads recycling program `` br br b weight b 49 g 1.7 oz br br made israel,2.64,trade,r1 full-zip jkt stretches breathes wicks warms wonder many serious trail mountain athletes use abuse r1 full-zip front makes even versatile midlayer winter lightweight jacket early spring mornings alpine summer evenings high low interior grid polyester enhances compressibility airflow insulation dry time jersey microfiber face allows smooth layering two zippered handwarmer pockets sit harness line glued-in seams internal mesh pocket bags recyclable common threads recycling program br br b details b ul li `` versatile r1 fleece provides excellent stretch warmth wicking breathability variety temperatures `` li li `` high low interior grid-structure enhances compressibility airflow dry time `` li li jersey microfiber face allows nonbinding layering li li center-front zipper li li handwarmer pockets li ul br br b fabric b r1 6.5-oz polartec power dry 93 polyester 60 recycled 7 spandex recyclable common threads recycling program br br b weight b 357 g 12.6 oz br br made colombia,4.94,trade security,46.558704453441294
7,active sport briefs superbreathable no-fly briefs minimalist 's choice high-octane endeavors made blend fast-wicking quick-drying 93 polyester 71 recycled 7 spandex stretch-mesh support open mesh cooling airflow soft edging leg openings seamless waist wo n't roll create friction layers smooth front panel opacity recyclable common threads recycling program br br b details b ul li `` stretch mesh provides support open-weave mesh airflow wicks efficiently dries fast `` li li seamless construction li li leg openings half-inch self-binding comfort li li fly-free support li ul br br b fabric b `` 4.6-oz 93 polyester 71 recycled 7 spandex moisture-wicking performance recyclable common threads recycling program `` br br b weight b 49 g 1.7 oz br br made israel,2.64,trade,lw everyday socks essential part daily grind exceptionally soft wearable socks inviting mix 55 organic cotton 40 stretch nylon 5 spandex moisture-wicking next-to-skin comfort open grid top foot looped lintoe construction combine create excellent airflow breathability kick-your-feet-up foot comfort jersey-knit cuff extends mid-calf height 9.5 `` br br b details b ul li organic cotton nylon blend ideal everyday use li li `` fabric content strategic knit balance moisture wicking cushioning durability comfort `` li li open grid top foot allows excellent airflow breathability li li looped lintoe construction creates smallest flattest seam possible ultimate toe comfort li ul br br b fabric b 55 organic cotton 40 nylon 5 spandex br br b weight b 49 g 1.7 oz br br made usa,6.04,trade security,56.29139072847682
8,active sport briefs superbreathable no-fly briefs minimalist 's choice high-octane endeavors made blend fast-wicking quick-drying 93 polyester 71 recycled 7 spandex stretch-mesh support open mesh cooling airflow soft edging leg openings seamless waist wo n't roll create friction layers smooth front panel opacity recyclable common threads recycling program br br b details b ul li `` stretch mesh provides support open-weave mesh airflow wicks efficiently dries fast `` li li seamless construction li li leg openings half-inch self-binding comfort li li fly-free support li ul br br b fabric b `` 4.6-oz 93 polyester 71 recycled 7 spandex moisture-wicking performance recyclable common threads recycling program `` br br b weight b 49 g 1.7 oz br br made israel,2.64,trade,pique vitaliti polo shirt perfect summer fabric keep back sticking seat pique polo 's forward-thinking blend 6.5-oz 70 organic cotton 30 all-recycled polyester also wicks moisture long walks beneath flatirons highball v4s flagstaff hardcore sodbusting sessions back yard br br b details b ul li `` lightweight quick-to dry organic cotton recycled polyester fabric piqu knit `` li li hidden snap-front placket li li side vents li ul br br b fabric b 6.5-oz 70 organic cotton 30 all-recycled polyester piqu recyclable common threads recycling program br br b weight b 262 g 9.1 oz br br made thailand,7.42,trade security,64.42048517520215
9,alpine guide pants skin climb ice switch rock traverse knife-edge ridge boogie back durable weather-resistant breathable soft-shell pants keep stride every mountain endeavor midweight stretch-woven polyester wo n't restrict moves brushed interior maintains next-to-skin comfort 2-way zippered fly keeps things easy harness gusseted zippered cuffs 2-position snaps tie-down loops water-resistant zippered pockets two front two thigh one back hip recyclable common threads recycling program br br b details b ul li durable stretch-woven polyester 47 recycled dwr durable water repellent finish water- wind-resistant highly breathable li li brushed interior next-to-skin comfort li li waistband belt loops elastic back li li 2-way zippered fly li li `` external pockets two front slash two glued-on thigh one back hip highly water-resistant dwr-finished zippers `` li li `` gusseted zippered cuff 2-position adjustable settings tie-down loops `` li ul br br b fabric b `` 7.6-oz 90-denier 92 polyester 47 recycled 8 spandex deluge dwr finish recyclable common threads recycling program `` br br b weight b 597 g 20.7 oz br br made vietnam,0.75,trade,lw guide pants backcountry version immensely popular simple guides lightweight guide pants combine skiing alpine climbing features lightweight free-moving highly breathable 4-way stretch-woven fabric resist moisture provide mountain-worthy durability fit allows spring-weight underlayers brisk alpine starts reinforced articulated knees enhance mobility zippered gusseted cuffs adjust various boot girths snap closure feature tie-down loops well crampon ski edge scuff guards zippered fly belt loops pockets two hand one glued-on right thigh close laser-cut glued-in zippers recyclable common threads recycling program br br b details b ul li lightweight 4-way stretch-woven polyester double weave dwr durable water repellent finish separated zip waist pull-on li li belt loops partial elasticized waistband li li `` zip fly pockets two zippered hand one zippered thigh right glued-on thigh `` li li hand thigh zips laser-cut glued reinforced knees resist abrasion li li articulated knees crampon ski-edge scuff guard li li zippered snap gusset full gripper elastic li li tie-down loops ankle cuffs li ul br br b fabric b 6.2-oz 91 all-recycled polyester 9 spandex double weave deluge dwr durable water repellent finish recyclable common threads recycling program br br b weight b 405 g 14.3 oz br br made thailand,3.68,trade security,79.61956521739131
10,alpine guide pants skin climb ice switch rock traverse knife-edge ridge boogie back durable weather-resistant breathable soft-shell pants keep stride every mountain endeavor midweight stretch-woven polyester wo n't restrict moves brushed interior maintains next-to-skin comfort 2-way zippered fly keeps things easy harness gusseted zippered cuffs 2-position snaps tie-down loops water-resistant zippered pockets two front two thigh one back hip recyclable common threads recycling program br br b details b ul li durable stretch-woven polyester 47 recycled dwr durable water repellent finish water- wind-resistant highly breathable li li brushed interior next-to-skin comfort li li waistband belt loops elastic back li li 2-way zippered fly li li `` external pockets two front slash two glued-on thigh one back hip highly water-resistant dwr-finished zippers `` li li `` gusseted zippered cuff 2-position adjustable settings tie-down loops `` li ul br br b fabric b `` 7.6-oz 90-denier 92 polyester 47 recycled 8 spandex deluge dwr finish recyclable common threads recycling program `` br br b weight b 597 g 20.7 oz br br made vietnam,0.75,trade,lw guide pants backcountry version immensely popular simple guides lightweight guide pants combine skiing alpine climbing features lightweight free-moving highly breathable 4-way stretch-woven fabric resist moisture provide mountain-worthy durability fit allows spring-weight underlayers brisk alpine starts gusseted crotch reinforced articulated knees allow unrestrained mobility zippered gusseted cuffs adjust various boot girths snap closure feature tie-down loops well crampon ski edge scuff guards 2-way zip fly belt loops pockets two hand one glued-on right thigh close laser-cut glued-in zippers recyclable common threads recycling program br br b details b ul li lightweight 4-way stretch-woven polyester double weave dwr durable water repellent finish gusseted crotch li li separated zip waist pull-on belt loops li li `` 2-way zip fly pockets two zippered handwarmers one zippered thigh right glued-on thigh `` li li zippers hand thigh laser cut glued li li reinforced knees resist abrasion articulated knees li li crampon ski-edge scuff guard zippered snap gusset full gripper elastic li li tie-down loops ankle cuffs li ul br br b fabric b 6.2-oz 91 all-recycled polyester 9 spandex double weave deluge dwr durable water repellent finish recyclable common threads recycling program br br b weight b 439 g 15.5 oz br br made thailand,2.29,trade security,67.24890829694323
11,alpine guide pants skin climb ice switch rock traverse knife-edge ridge boogie back durable weather-resistant breathable soft-shell pants keep stride every mountain endeavor midweight stretch-woven polyester wo n't restrict moves brushed interior maintains next-to-skin comfort 2-way zippered fly keeps things easy harness gusseted zippered cuffs 2-position snaps tie-down loops water-resistant zippered pockets two front two thigh one back hip recyclable common threads recycling program br br b details b ul li durable stretch-woven polyester 47 recycled dwr durable water repellent finish water- wind-resistant highly breathable li li brushed interior next-to-skin comfort li li waistband belt loops elastic back li li 2-way zippered fly li li `` external pockets two front slash two glued-on thigh one back hip highly water-resistant dwr-finished zippers `` li li `` gusseted zippered cuff 2-position adjustable settings tie-down loops `` li ul br br b fabric b `` 7.6-oz 90-denier 92 polyester 47 recycled 8 spandex deluge dwr finish recyclable common threads recycling program `` br br b weight b 597 g 20.7 oz br br made vietnam,0.75,trade,stretch ascent jkt simple stretchy lightweight waterproof made alpine climbs realities include sideways-blowing sleet stretch ascent jacket provides full stormproof protection extraordinary breathability stretch-woven polyester 100 recycled waterproof breathable barrier combine pliable 2.5-layer fabric package enables limber moves roll-down helmet-compatible hood adjusts three ways easy-to-use single-pull system water-resistant coated center-front zipper remains easy open close water-resistant external pocket zippers zipper garages third pocket internal drop-in cuffs secure self-fabric tabs hem 's drawcord routes pockets hood 's structured visor improves visibility poor conditions recyclable common threads recycling program br br b details b ul li `` h2no waterproof breathable 2.5-layer stretch-woven shell `` li li `` helmet compatible roll-down single-pull 3-way adjustable hood laminated visor `` li li front zipper offers extreme water resistance easy zipping li li `` pockets two pu-zippered handwarmers zipper garages one internal drop-in `` li li cuffs secure self-fabric hook-and-loop cuff closures li li hem drawcord routed pockets li ul br br b fabric b `` 2.5-layer 50-denier 4.1-oz 100 all-recycled stretch-woven polyester waterproof breathable h2no barrier deluge dwr durable water repellent finish recyclable common threads recycling program `` br br b weight b 476 g 16.8 oz br br made vietnam,3.21,trade ops,76.63551401869158
12,alpine wind jkt high ridges steep ice anything alpine jacket serves true `` best worlds `` staple excels stand-alone shell blustery rock climbs cool-weather trail runs high-output ski tours conditions ice alpine climbing functions lightly insulated windshirt approach well frictionless midlayer 's time bundle tie-in polyester ripstop shell deluge dwr durable water repellent treatment sheds snow blocks wind smooth lightly brushed hanging mesh liner wicks moisture dries fast n't bind baselayers superlight stretch-woven underarm panels enhance breathability allow unimpaired arm motion two hand pockets close zippers drawcord hem elastic cuffs heat-transfer reflective logo regular-coil center-front zipper dwr finish round features updated season improved fit recyclable common threads recycling program br br b details b ul li `` lightweight breathable polyester ripstop fabric deluge dwr durable water repellent finish slightly brushed polyester-mesh liner wicks moisture dries fast `` li li `` stretch-woven underarm panels provide breathability stretch unimpeded range motion `` li li dwr finish center-front zipper li li elastic cuffs li li `` pockets exterior chest zippered handwarmers `` li li drawcord hem li li reflective heat-transfer logo li ul br br b fabric b shell 1.3-oz 20-denier 100 polyester ripstop panels 4.6-oz 75-denier 90 all-recycled polyester 10 spandex shell panels deluge dwr durable water repellent finish lining 100 polyester brushed tricot mesh recyclable common threads recycling program br br b weight b 331 g 11.5 oz br br made china,2.45,trade,storm light jkt emerging classic inspired original storm jacket holding true timeless traits 's waterproof breathable comfortable built warm-weather use engineered recycled end days storm light keeps dry motion lowland treks high-mountain passes full waterproof breathable protection combines hanging mesh taffeta liner soft pliable comfortable feel storm flaps cover pit zips three external zippered pockets center-front 2-way zipper details include soft chamois chin guard 2-way-adjustable hood rolls microfleece-lined collar internal drop-in pocket drawcord hem cuffs secure self-fabric tabs recyclable common threads recycling br br b details b ul li 2-layer polyester fabric waterproof breathable h2no barrier hanging mesh-and-taffeta liner greater comfort li li 2-way-adjustable stowable hood li li soft chamois chin guard li li `` storm flaps center-front zipper pit zips external pocket zippers `` li li `` pockets one external left chest two handwarmers one internal drop-in `` li li cuffs secure self-fabric tab li li drawcord hem li ul br br b fabric b `` shell 2-layer 75-denier 3.8-oz 100 polyester laminate waterproof breathable h2no barrier deluge dwr durable water repellent finish shell lining 2.9-oz 100 all-recycled polyester mesh hood lining 2.3-oz 50-denier 100 all-recycled polyester taffeta collar lining chin flap 5.5-oz 100 polyester brushed-jersey recyclable common threads recycling program `` br br b weight b 689 g 23.9 oz br br made china,6.14,trade security,60.097719869706836
13,alpine wind jkt high ridges steep ice anything alpine jacket serves true `` best worlds `` staple excels stand-alone shell blustery rock climbs cool-weather trail runs high-output ski tours conditions ice alpine climbing functions lightly insulated windshirt approach well frictionless midlayer 's time bundle tie-in polyester ripstop shell deluge dwr durable water repellent treatment sheds snow blocks wind smooth lightly brushed hanging mesh liner wicks moisture dries fast n't bind baselayers superlight stretch-woven underarm panels enhance breathability allow unimpaired arm motion two hand pockets close zippers drawcord hem elastic cuffs heat-transfer reflective logo regular-coil center-front zipper dwr finish round features updated season improved fit recyclable common threads recycling program br br b details b ul li `` lightweight breathable polyester ripstop fabric deluge dwr durable water repellent finish slightly brushed polyester-mesh liner wicks moisture dries fast `` li li `` stretch-woven underarm panels provide breathability stretch unimpeded range motion `` li li dwr finish center-front zipper li li elastic cuffs li li `` pockets exterior chest zippered handwarmers `` li li drawcord hem li li reflective heat-transfer logo li ul br br b fabric b shell 1.3-oz 20-denier 100 polyester ripstop panels 4.6-oz 75-denier 90 all-recycled polyester 10 spandex shell panels deluge dwr durable water repellent finish lining 100 polyester brushed tricot mesh recyclable common threads recycling program br br b weight b 331 g 11.5 oz br br made china,2.45,trade,stretch ascent jkt simple stretchy lightweight waterproof made alpine climbs realities include sideways-blowing sleet stretch ascent jacket provides full stormproof protection extraordinary breathability stretch-woven polyester 100 recycled waterproof breathable barrier combine pliable 2.5-layer fabric package enables limber moves roll-down helmet-compatible hood adjusts three ways easy-to-use single-pull system water-resistant coated center-front zipper remains easy open close water-resistant external pocket zippers zipper garages third pocket internal drop-in cuffs secure self-fabric tabs hem 's drawcord routes pockets hood 's structured visor improves visibility poor conditions recyclable common threads recycling program br br b details b ul li `` h2no waterproof breathable 2.5-layer stretch-woven shell `` li li `` helmet compatible roll-down single-pull 3-way adjustable hood laminated visor `` li li front zipper offers extreme water resistance easy zipping li li `` pockets two pu-zippered handwarmers zipper garages one internal drop-in `` li li cuffs secure self-fabric hook-and-loop cuff closures li li hem drawcord routed pockets li ul br br b fabric b `` 2.5-layer 50-denier 4.1-oz 100 all-recycled stretch-woven polyester waterproof breathable h2no barrier deluge dwr durable water repellent finish recyclable common threads recycling program `` br br b weight b 476 g 16.8 oz br br made vietnam,3.21,trade ops,23.676012461059184
14,alpine wind jkt high ridges steep ice anything alpine jacket serves true `` best worlds `` staple excels stand-alone shell blustery rock climbs cool-weather trail runs high-output ski tours conditions ice alpine climbing functions lightly insulated windshirt approach well frictionless midlayer 's time bundle tie-in polyester ripstop shell deluge dwr durable water repellent treatment sheds snow blocks wind smooth lightly brushed hanging mesh liner wicks moisture dries fast n't bind baselayers superlight stretch-woven underarm panels enhance breathability allow unimpaired arm motion two hand pockets close zippers drawcord hem elastic cuffs heat-transfer reflective logo regular-coil center-front zipper dwr finish round features updated season improved fit recyclable common threads recycling program br br b details b ul li `` lightweight breathable polyester ripstop fabric deluge dwr durable water repellent finish slightly brushed polyester-mesh liner wicks moisture dries fast `` li li `` stretch-woven underarm panels provide breathability stretch unimpeded range motion `` li li dwr finish center-front zipper li li elastic cuffs li li `` pockets exterior chest zippered handwarmers `` li li drawcord hem li li reflective heat-transfer logo li ul br br b fabric b shell 1.3-oz 20-denier 100 polyester ripstop panels 4.6-oz 75-denier 90 all-recycled polyester 10 spandex shell panels deluge dwr durable water repellent finish lining 100 polyester brushed tricot mesh recyclable common threads recycling program br br b weight b 331 g 11.5 oz br br made china,2.45,trade,lw guide pants backcountry version immensely popular simple guides lightweight guide pants combine skiing alpine climbing features lightweight free-moving highly breathable 4-way stretch-woven fabric resist moisture provide mountain-worthy durability fit allows spring-weight underlayers brisk alpine starts gusseted crotch reinforced articulated knees allow unrestrained mobility zippered gusseted cuffs adjust various boot girths snap closure feature tie-down loops well crampon ski edge scuff guards 2-way zip fly belt loops pockets two hand one glued-on right thigh close laser-cut glued-in zippers recyclable common threads recycling program br br b details b ul li lightweight 4-way stretch-woven polyester double weave dwr durable water repellent finish gusseted crotch li li separated zip waist pull-on belt loops li li `` 2-way zip fly pockets two zippered handwarmers one zippered thigh right glued-on thigh `` li li zippers hand thigh laser cut glued li li reinforced knees resist abrasion articulated knees li li crampon ski-edge scuff guard zippered snap gusset full gripper elastic li li tie-down loops ankle cuffs li ul br br b fabric b 6.2-oz 91 all-recycled polyester 9 spandex double weave deluge dwr durable water repellent finish recyclable common threads recycling program br br b weight b 439 g 15.5 oz br br made thailand,2.29,trade security,-6.986899563318784
15,ascensionist jkt technical soft shell full-on mountain pursuits strikes alpinist 's balance protection minimalism dense 2-way-stretch polyester double weave stitchless seams exceptional water- wind-resistance rapid dry time superb breathability pared-down detailing provides everything need nothing 3-way-adjustable helmet-compatible hood reverse-coil center-front zipper dwr durable water repellent finish large external handwarmer pockets zipper garages placed harness-line internal security pocket articulated arms self-fabic cuff tabs drawcord hem recyclable common threads recycling program br br b details b ul li `` dense stretchy polyester double-weave fabric exceptionally water- wind-resistant spandex-free fast dry times stitch-free lap-glued seams speed dry time improve water resistance decrease bulk `` li li `` helmet-compatible 3-way-adjustable hood brushed chamois patches chin neck comfort `` li li dwr- durable water repellent finished center-front zipper external pockets two handwarmers fit skins zipper garages dwr finish zippers li li internal security pocket li li articulated arms li li `` low-profile laminated self-fabric cuff tabs `` li li drawcord hem li ul br br b fabric b 5.3-oz 100 polyester 45 recycled double weave 2-way-stretch deluge dwr finish recyclable common threads recycling program br br b weight b 553 g 19.2 oz br br made china,9.03,trade,stretch ascent jkt simple stretchy lightweight waterproof made alpine climbs realities include sideways-blowing sleet stretch ascent jacket provides full stormproof protection extraordinary breathability stretch-woven polyester 100 recycled waterproof breathable barrier combine pliable 2.5-layer fabric package enables limber moves roll-down helmet-compatible hood adjusts three ways easy-to-use single-pull system water-resistant coated center-front zipper remains easy open close water-resistant external pocket zippers zipper garages third pocket internal drop-in cuffs secure self-fabric tabs hem 's drawcord routes pockets hood 's structured visor improves visibility poor conditions recyclable common threads recycling program br br b details b ul li `` h2no waterproof breathable 2.5-layer stretch-woven shell `` li li `` helmet compatible roll-down single-pull 3-way adjustable hood laminated visor `` li li front zipper offers extreme water resistance easy zipping li li `` pockets two pu-zippered handwarmers zipper garages one internal drop-in `` li li cuffs secure self-fabric hook-and-loop cuff closures li li hem drawcord routed pockets li ul br br b fabric b `` 2.5-layer 50-denier 4.1-oz 100 all-recycled stretch-woven polyester waterproof breathable h2no barrier deluge dwr durable water repellent finish recyclable common threads recycling program `` br br b weight b 476 g 16.8 oz br br made vietnam,3.21,trade ops,-181.30841121495325
16,ascensionist jkt technical soft shell full-on mountain pursuits strikes alpinist 's balance protection minimalism dense 2-way-stretch polyester double weave stitchless seams exceptional water- wind-resistance rapid dry time superb breathability pared-down detailing provides everything need nothing 3-way-adjustable helmet-compatible hood reverse-coil center-front zipper dwr durable water repellent finish large external handwarmer pockets zipper garages placed harness-line internal security pocket articulated arms self-fabic cuff tabs drawcord hem recyclable common threads recycling program br br b details b ul li `` dense stretchy polyester double-weave fabric exceptionally water- wind-resistant spandex-free fast dry times stitch-free lap-glued seams speed dry time improve water resistance decrease bulk `` li li `` helmet-compatible 3-way-adjustable hood brushed chamois patches chin neck comfort `` li li dwr- durable water repellent finished center-front zipper external pockets two handwarmers fit skins zipper garages dwr finish zippers li li internal security pocket li li articulated arms li li `` low-profile laminated self-fabric cuff tabs `` li li drawcord hem li ul br br b fabric b 5.3-oz 100 polyester 45 recycled double weave 2-way-stretch deluge dwr finish recyclable common threads recycling program br br b weight b 553 g 19.2 oz br br made china,9.03,trade,storm light jkt emerging classic inspired original storm jacket holding true timeless traits 's waterproof breathable comfortable built warm-weather use engineered recycled end days storm light keeps dry motion lowland treks high-mountain passes full waterproof breathable protection combines hanging mesh taffeta liner soft pliable comfortable feel storm flaps cover pit zips three external zippered pockets center-front 2-way zipper details include soft chamois chin guard 2-way-adjustable hood rolls microfleece-lined collar internal drop-in pocket drawcord hem cuffs secure self-fabric tabs recyclable common threads recycling br br b details b ul li 2-layer polyester fabric waterproof breathable h2no barrier hanging mesh-and-taffeta liner greater comfort li li 2-way-adjustable stowable hood li li soft chamois chin guard li li `` storm flaps center-front zipper pit zips external pocket zippers `` li li `` pockets one external left chest two handwarmers one internal drop-in `` li li cuffs secure self-fabric tab li li drawcord hem li ul br br b fabric b `` shell 2-layer 75-denier 3.8-oz 100 polyester laminate waterproof breathable h2no barrier deluge dwr durable water repellent finish shell lining 2.9-oz 100 all-recycled polyester mesh hood lining 2.3-oz 50-denier 100 all-recycled polyester taffeta collar lining chin flap 5.5-oz 100 polyester brushed-jersey recyclable common threads recycling program `` br br b weight b 689 g 23.9 oz br br made china,6.14,trade security,-47.068403908794785
17,ascensionist jkt technical soft shell full-on mountain pursuits strikes alpinist 's balance protection minimalism dense 2-way-stretch polyester double weave stitchless seams exceptional water- wind-resistance rapid dry time superb breathability pared-down detailing provides everything need nothing 3-way-adjustable helmet-compatible hood reverse-coil center-front zipper dwr durable water repellent finish large external handwarmer pockets zipper garages placed harness-line internal security pocket articulated arms self-fabic cuff tabs drawcord hem recyclable common threads recycling program br br b details b ul li `` dense stretchy polyester double-weave fabric exceptionally water- wind-resistant spandex-free fast dry times stitch-free lap-glued seams speed dry time improve water resistance decrease bulk `` li li `` helmet-compatible 3-way-adjustable hood brushed chamois patches chin neck comfort `` li li dwr- durable water repellent finished center-front zipper external pockets two handwarmers fit skins zipper garages dwr finish zippers li li internal security pocket li li articulated arms li li `` low-profile laminated self-fabric cuff tabs `` li li drawcord hem li ul br br b fabric b 5.3-oz 100 polyester 45 recycled double weave 2-way-stretch deluge dwr finish recyclable common threads recycling program br br b weight b 553 g 19.2 oz br br made china,9.03,trade,rain shadow jkt staying inside n't way stay dry enjoy trails conditions fully seam-sealed waterproof breathable protection rain shadow made packable lightweight tear-resistant 2.5-layer 100 nylon fabric waterproof breathable h2no barrier deluge dwr durable water repellent finish inside raised pattern diffuses channels moisture away skin aids hassle-free layering enhances long-term durability updated microfleece lining neck chin waterproof handwarmer pockets longer mesh-lined zipper garages external zippers water-resistant without storm flaps also features roll-down 2-way-adjustable helmet-compatible hood 2-way center-front zipper self-fabric cuff tabs drawcord hem br br b details b ul li `` 2.5-layer tear-resistant fabric waterproof breathable h2no barrier deluge dwr durable water repellent finish highly engineered interior surface texture channels moisture away skin protects waterproof barrier abrasion slides easily layers `` li li `` roll-down 2-way-adjustable hood laminated visor improved hood structure visibility poor conditions `` li li microfleece-lined neck chin comfort enhanced protection barrier li li `` exterior zippers center front handwarmer pockets pit zips water-resistant coating keep dry without extra storm flaps hook-and-loop closures `` li li waterproof handwarmer pockets without mesh lining li li updated custom zipper pulls li li `` low-profile laminated self-fabric cuff tabs drawcord hem `` li ul br br b fabric b `` 2.5-layer 2.5-oz 100 nylon waterproof breathable h2no barrier deluge dwr finish `` br br b weight b 331 g 11.5 oz br br made vietnam,7.69,trade security,-17.425227568270465
18,atom multitasker 's cloud nine atom plays part courier bag daypack carry-on teardrop shape provides support daypack positioning load behind shoulder single-strap design makes getting goods simple spin around front large zippered main pocket internal zippered mesh stretch-woven pockets convenient zippered pocket shoulder strap lined protect valuables breathable moisture-moving 3-d spacer mesh pads shoulder strap back panel made 150-denier double-weave all-recycled polyester polyurethane coating dwr durable water repellent finish br br b details b ul li atom spins around back chest easy access li li main zippered pocket internal zippered mesh stretch-woven organizer pockets li li small zippered pocket essentials li li `` zippered pocket shoulder strap lined protect cell phone sunglasses etc `` li li `` teardrop shape positions weight behind shoulder easing stress neck back `` li li `` 3-d spacer-mesh shoulder strap back panel wicks moisture dries quickly allows air circulation `` li li waistbelt secures pack torso li ul br br b fabric b 7.4-oz 150-denier 100 all-recycled polyester double weave lining 3.3-oz 200-denier 100 polyester polyurethane coating dwr durable water repellent finish shoulder strap 100 polyester 3-d spacer mesh br br b weight b 311 g 10.8 oz br br made vietnam,2.69,trade,hip pack entrusted holding essentials little pack big responsibilities designed hiking biking travel features zippered main compartment small hanging mesh pocket key retainer 3-d spacer-mesh panels wick perspiration narrow waist strap water-resistant zippers made 150-denier double-weave polyester 100 recycled 's coated polyurethane dwr durable water repellent finish br br b details b ul li zippered main compartment holds goods li li hanging mesh pocket small items li li key retainer li li `` 3-d spacer-mesh panel hips cushions wicks moisture dries quickly allows air circulation `` li li narrow waistbelt comfortable unobtrusive li li water-resistant zippers li ul br br b fabric b 7.4-oz 150-denier 100 all-recycled polyester double weave lining 3.3-oz 200-denier 100 polyester polyurethane coating dwr durable water repellent finish br br b weight b 193 g 6.7 oz br br made vietnam,6.97,trade ops,61.406025824964125
19,atom multitasker 's cloud nine atom plays part courier bag daypack carry-on teardrop shape provides support daypack positioning load behind shoulder single-strap design makes getting goods simple spin around front large zippered main pocket internal zippered mesh stretch-woven pockets convenient zippered pocket shoulder strap lined protect valuables breathable moisture-moving 3-d spacer mesh pads shoulder strap back panel made 150-denier double-weave all-recycled polyester polyurethane coating dwr durable water repellent finish br br b details b ul li atom spins around back chest easy access li li main zippered pocket internal zippered mesh stretch-woven organizer pockets li li small zippered pocket essentials li li `` zippered pocket shoulder strap lined protect cell phone sunglasses etc `` li li `` teardrop shape positions weight behind shoulder easing stress neck back `` li li `` 3-d spacer-mesh shoulder strap back panel wicks moisture dries quickly allows air circulation `` li li waistbelt secures pack torso li ul br br b fabric b 7.4-oz 150-denier 100 all-recycled polyester double weave lining 3.3-oz 200-denier 100 polyester polyurethane coating dwr durable water repellent finish shoulder strap 100 polyester 3-d spacer mesh br br b weight b 311 g 10.8 oz br br made vietnam,2.69,trade,lw travel tote harmonizing life go travel tote holds take farmers market beach essentials en plein air watercolor kit features large zippered main compartment easy access external zippered organizer pocket key keeper swallows entire bag 's use 's also handy internal zip pocket valuables side mesh pockets drink bottles snacks top cinch drawcord buckles secure contents attach lightweight items breathable backpack straps store use lightweight foam back cushion removed use sitting pad made 50-denier triple-ripstop nylon polyurethane coating dwr durable water repellent finish reinforced 150-denier polyester 47 recycled double-weave shiftlayer br br b details b ul li zippered main compartment provides easy access li li front zippered-organizer pocket key keeper stows tote use li li inside zippered pocket holds valuables li li `` side mesh pockets bottles snacks `` li li cinch drawcord buckles secure contents attach lightweight items li li `` breathable shoulder straps stow use `` li li lightweight foam pad cushions back removed use sit pad li ul br br b fabric b 50-denier 100 nylon triple ripstop polyurethane coating dwr durable water repellent finish reinforcements 150-denier 100 polyester 47 recycled double-weave shiftlayer br br b weight b 343 g 11.9 oz br br made philippines,8.37,trade ops,67.86140979689367
20,atom multitasker 's cloud nine atom plays part courier bag daypack carry-on teardrop shape provides support daypack positioning load behind shoulder single-strap design makes getting goods simple spin around front large zippered main pocket internal zippered mesh stretch-woven pockets convenient zippered pocket shoulder strap lined protect valuables breathable moisture-moving 3-d spacer mesh pads shoulder strap back panel made 150-denier double-weave all-recycled polyester polyurethane coating dwr durable water repellent finish br br b details b ul li atom spins around back chest easy access li li main zippered pocket internal zippered mesh stretch-woven organizer pockets li li small zippered pocket essentials li li `` zippered pocket shoulder strap lined protect cell phone sunglasses etc `` li li `` teardrop shape positions weight behind shoulder easing stress neck back `` li li `` 3-d spacer-mesh shoulder strap back panel wicks moisture dries quickly allows air circulation `` li li waistbelt secures pack torso li ul br br b fabric b 7.4-oz 150-denier 100 all-recycled polyester double weave lining 3.3-oz 200-denier 100 polyester polyurethane coating dwr durable water repellent finish shoulder strap 100 polyester 3-d spacer mesh br br b weight b 311 g 10.8 oz br br made vietnam,2.69,trade,lw travel sling feel open-ended like good itinerary features traveler needs lightweight fabric allows travel sling mold shape back keeping load close center balance main compartment roomy enough map lunch shell extra space found treasures two organizational pockets one key-chain clip hold easily lost items shoulder strap includes electronics pocket phone music player mesh water-bottle pocket keeps favorite liquids handy traveling 's 3-point-adjustable mesh shoulder strap entire pack stuffs pocket made 50-denier 100 nylon triple ripstop polyurethane coating dwr durable water repellent finish br br b details b ul li zippered main compartment internal pocket organization li li top pocket internal key chain clip li li mesh water-bottle pocket side li li breathable mesh shoulder strap electronics pocket li li 3-point adjustable shoulder strap waistbelt li li stows pocket li ul br br b fabric b body 50-denier 100 nylon triple ripstop polyurethane coating dwr durable water repellent finish shoulder strap 100 polyester 3-d spacer mesh br br b weight b 204 g 7.1 oz br br made philippines,7.17,trade ops,62.48256624825663
21,print banded betina btm fullest coverage bottoms betina fits highest across hips slightly scooped lined front made blend 82 nylon 18 spandex br br b details b ul li fullest coverage bottom li li `` fits highest across hips full front back coverage `` li li regular rise li li improved fabric li ul br br b fabric b 5.6-oz 82 nylon 18 spandex br br b weight b 49 g 1.7 oz br br made usa,8.64,trade,lw everyday socks essential part daily grind exceptionally soft wearable socks inviting mix 55 organic cotton 40 stretch nylon 5 spandex moisture-wicking next-to-skin comfort open grid top foot looped lintoe construction combine create excellent airflow breathability kick-your-feet-up foot comfort jersey-knit cuff extends mid-calf height 9.5 `` br br b details b ul li organic cotton nylon blend ideal everyday use li li `` fabric content strategic knit balance moisture wicking cushioning durability comfort `` li li open grid top foot allows excellent airflow breathability li li looped lintoe construction creates smallest flattest seam possible ultimate toe comfort li ul br br b fabric b 55 organic cotton 40 nylon 5 spandex br br b weight b 49 g 1.7 oz br br made usa,6.04,trade security,-43.046357615894046
22,print banded betina btm fullest coverage bottoms betina fits highest across hips slightly scooped lined front made blend 82 nylon 18 spandex br br b details b ul li fullest coverage bottom li li `` fits highest across hips full front back coverage `` li li regular rise li li improved fabric li ul br br b fabric b 5.6-oz 82 nylon 18 spandex br br b weight b 49 g 1.7 oz br br made usa,8.64,trade,permit silhouette t-shirt permit 's scythe-shaped dorsal fin propels saltwater lover across flats permit silhouette t-shirt printed organic cotton 100 fabric inks pvc- phthalate-free tee ringspun yarns softness taped shoulder seams lend durable clean finish recyclable common threads recycling program br br b details b ul li ringspun yarns softer hand li li taped shoulder seams li li screen-print inks pvc- phthalate-free li ul br br b fabric b 5.4-oz 100 organic cotton recyclable common threads recycling program br br b weight b 199 g 6.9 oz br br made usa,4.34,trade security,-99.0783410138249
23,print banded betina btm fullest coverage bottoms betina fits highest across hips slightly scooped lined front made blend 82 nylon 18 spandex br br b details b ul li fullest coverage bottom li li `` fits highest across hips full front back coverage `` li li regular rise li li improved fabric li ul br br b fabric b 5.6-oz 82 nylon 18 spandex br br b weight b 49 g 1.7 oz br br made usa,8.64,trade,pique vitaliti polo shirt perfect summer fabric keep back sticking seat pique polo 's forward-thinking blend 6.5-oz 70 organic cotton 30 all-recycled polyester also wicks moisture long walks beneath flatirons highball v4s flagstaff hardcore sodbusting sessions back yard br br b details b ul li `` lightweight quick-to dry organic cotton recycled polyester fabric piqu knit `` li li hidden snap-front placket li li side vents li ul br br b fabric b 6.5-oz 70 organic cotton 30 all-recycled polyester piqu recyclable common threads recycling program br br b weight b 262 g 9.1 oz br br made thailand,7.42,trade security,-16.442048517520224
24,baby micro d-luxe cardigan micro d-luxe heavenly soft fabric down-to-earth applications cardigan made quick-drying durable 4.6-oz 100 polyester 87 recycled microdenier fleece lightweight breathable work top midlayer wind flap backs zip front hood covered-elastic side trim bundle babies deep warmth slash-style patch pockets color-coordinating elbow patches soft self-fabric cuffs recyclable common threads recycling program br br b details b ul li `` soft microdenier fleece made 87 recycled polyester durable quick-to-dry `` li li hood stays secure covered side elastic li li inside neck tape clean finish li li handwarmer patch pockets li li `` full front zip backed wind flap soft self-fabric cuffs `` li ul br br b fabric b 4.6-oz 100 microdenier polyester 87 recycled fleece recyclable common threads recycling program br br b weight b 121 g 4.2 oz br br made costa rica,8.37,trade,reversible phone home travel broadly surf world n't forget call mom reversible road-trip rejuvenation inimitable hooded phone home jacket helps us keep touch made 100 organic cotton fleece lined soft organic cotton jersey comes extended rib-knit waist cuffs roomy pockets fleecy side recyclable common threads recycling program br br b details b ul li organic cotton fleece hoody lined organic cotton jersey li li rib-knit waist cuffs li li drawstring closure hood li li roomy front pockets li li reversible li ul br br b fabric b 10.3-oz 100 organic cotton fleece lining 4.5-oz 100 organic cotton jersey recyclable common threads recycling program br br b weight b 917 g 31.8 oz br br made india,5.26,trade ops,-59.12547528517109
25,baby micro d-luxe cardigan micro d-luxe heavenly soft fabric down-to-earth applications cardigan made quick-drying durable 4.6-oz 100 polyester 87 recycled microdenier fleece lightweight breathable work top midlayer wind flap backs zip front hood covered-elastic side trim bundle babies deep warmth slash-style patch pockets color-coordinating elbow patches soft self-fabric cuffs recyclable common threads recycling program br br b details b ul li `` soft microdenier fleece made 87 recycled polyester durable quick-to-dry `` li li hood stays secure covered side elastic li li inside neck tape clean finish li li handwarmer patch pockets li li `` full front zip backed wind flap soft self-fabric cuffs `` li ul br br b fabric b 4.6-oz 100 microdenier polyester 87 recycled fleece recyclable common threads recycling program br br b weight b 121 g 4.2 oz br br made costa rica,8.37,trade,baggies shorts summertime unwinds boisterous flurry kids dogs sunshine water do-all go-all baggies shorts flow effortlessly chaos quiet times easy-going feel 're made lightweight quick-to-dry 4-ply 4.2-oz supplex nylon dwr durable water repellent finish shed water self-draining half-mesh pockets bartacked stress points fully elasticized drawcord waist holds onto beanpole hips self-fabric backing no-chafe comfort built-in mesh liner inseam 6 `` recyclable common threads recycling program br br b details b ul li lightweight supplex nylon dries quickly li li full elasticized drawcord waist soft fabric mesh liner li li half-mesh pockets drainage bar tacks side pocket seam stress points li li `` 6 `` `` inseam `` li ul br br b fabric b `` 4-ply 4.2-oz supplex nylon dwr durable water repellent finish recyclable common threads recycling program `` br br b weight b 138 g 4.8 oz br br made nicaragua,6.26,trade ops,-33.70607028753993
26,baby micro d-luxe cardigan micro d-luxe heavenly soft fabric down-to-earth applications cardigan made quick-drying durable 4.6-oz 100 polyester 87 recycled microdenier fleece lightweight breathable work top midlayer wind flap backs zip front hood covered-elastic side trim bundle babies deep warmth slash-style patch pockets color-coordinating elbow patches soft self-fabric cuffs recyclable common threads recycling program br br b details b ul li `` soft microdenier fleece made 87 recycled polyester durable quick-to-dry `` li li hood stays secure covered side elastic li li inside neck tape clean finish li li handwarmer patch pockets li li `` full front zip backed wind flap soft self-fabric cuffs `` li ul br br b fabric b 4.6-oz 100 microdenier polyester 87 recycled fleece recyclable common threads recycling program br br b weight b 121 g 4.2 oz br br made costa rica,8.37,trade,hooded monk sweatshirt sacred garment predawn surf checks sunset barbecues skateboard beer runs ultimate sweatshirt hoody sports graphics t-shirt line made 75 organic cotton 25 polyester fleece softness quick after-surf dry time extended rib-knit cuffs waist recyclable common threads recycling program br br b details b ul li soft organic cotton polyester fabric li li deep 3-panel hood drawcord li li pouch pocket extended rib-knit cuffs waist li ul br br b fabric b 10.3-oz 75 organic cotton 25 polyester fleece recyclable common threads recycling program br br b weight b 626 g 21.7 oz br br made india,3.68,trade ops,-127.44565217391302
27,baby sun bucket hat hat goes sun rises horizon stays raindrops start falling made ultra-durable 4-ply 4.2-oz supplex nylon fabric dwr durable water repellent finish reverses either contrasting solid color print soft tuck-away chin strap hook-and-loop fastener holds securely without chafing young jawlines packs small easy care br br b details b ul li `` lightweight supplex nylon soft dries fast packs small easy care `` li li brim shields head neck li li chin strap hook-and-loop fastener tucked away use li li reversible style fun print solid combinations li li one colorway print sides li ul br br b fabric b `` 4-ply 4.2-oz supplex nylon dwr durable water repellent finish `` br br b weight b 49 g 1.7 oz br br made china,3.16,trade,baggies shorts summertime unwinds boisterous flurry kids dogs sunshine water do-all go-all baggies shorts flow effortlessly chaos quiet times easy-going feel 're made lightweight quick-to-dry 4-ply 4.2-oz supplex nylon dwr durable water repellent finish shed water self-draining half-mesh pockets bartacked stress points fully elasticized drawcord waist holds onto beanpole hips self-fabric backing no-chafe comfort built-in mesh liner inseam 6 `` recyclable common threads recycling program br br b details b ul li lightweight supplex nylon dries quickly li li full elasticized drawcord waist soft fabric mesh liner li li half-mesh pockets drainage bar tacks side pocket seam stress points li li `` 6 `` `` inseam `` li ul br br b fabric b `` 4-ply 4.2-oz supplex nylon dwr durable water repellent finish recyclable common threads recycling program `` br br b weight b 138 g 4.8 oz br br made nicaragua,6.26,trade ops,49.52076677316293
28,baby sun bucket hat hat goes sun rises horizon stays raindrops start falling made ultra-durable 4-ply 4.2-oz supplex nylon fabric dwr durable water repellent finish reverses either contrasting solid color print soft tuck-away chin strap hook-and-loop fastener holds securely without chafing young jawlines packs small easy care br br b details b ul li `` lightweight supplex nylon soft dries fast packs small easy care `` li li brim shields head neck li li chin strap hook-and-loop fastener tucked away use li li reversible style fun print solid combinations li li one colorway print sides li ul br br b fabric b `` 4-ply 4.2-oz supplex nylon dwr durable water repellent finish `` br br b weight b 49 g 1.7 oz br br made china,3.16,trade,lw travel courier graceful rendition courier bag sleek nearly weightless zippered closure adjustable drawstring zippered security pocket bike light prayer beads breathable adjustable shoulder strap comfortable quick-drying use bag stuffs pocket easy stowing made strong yet extremely lightweight 50-denier triple-ripstop nylon polyurethane coating dwr durable water repellent finish bottom reinforcement 150-denier polyester 47 recycled double-weave shiftlayer br br b details b ul li main compartment accessed top zippered closure adjustable drawstring li li zippered security pocket key clip li li bag stuffs pocket use li li `` breathable shoulder strap ultralight quick-drying adjustable `` li li extremely lightweight triple-ripstop fabric affords excellent tear resistance li ul br br b fabric b 50-denier 100 nylon triple ripstop polyurethane coating dwr durable water repellent finish reinforcements 150-denier 100 polyester 47 recycled double-weave shiftlayer br br b weight b 222 g 7.7 oz br br made philippines,9.15,trade ops,65.46448087431695
29,baby sun bucket hat hat goes sun rises horizon stays raindrops start falling made ultra-durable 4-ply 4.2-oz supplex nylon fabric dwr durable water repellent finish reverses either contrasting solid color print soft tuck-away chin strap hook-and-loop fastener holds securely without chafing young jawlines packs small easy care br br b details b ul li `` lightweight supplex nylon soft dries fast packs small easy care `` li li brim shields head neck li li chin strap hook-and-loop fastener tucked away use li li reversible style fun print solid combinations li li one colorway print sides li ul br br b fabric b `` 4-ply 4.2-oz supplex nylon dwr durable water repellent finish `` br br b weight b 49 g 1.7 oz br br made china,3.16,trade,hip pack entrusted holding essentials little pack big responsibilities designed hiking biking travel features zippered main compartment small hanging mesh pocket key retainer 3-d spacer-mesh panels wick perspiration narrow waist strap water-resistant zippers made 150-denier double-weave polyester 100 recycled 's coated polyurethane dwr durable water repellent finish br br b details b ul li zippered main compartment holds goods li li hanging mesh pocket small items li li key retainer li li `` 3-d spacer-mesh panel hips cushions wicks moisture dries quickly allows air circulation `` li li narrow waistbelt comfortable unobtrusive li li water-resistant zippers li ul br br b fabric b 7.4-oz 150-denier 100 all-recycled polyester double weave lining 3.3-oz 200-denier 100 polyester polyurethane coating dwr durable water repellent finish br br b weight b 193 g 6.7 oz br br made vietnam,6.97,trade ops,54.66284074605452
30,baby sunshade top soft stretchy polyester fabric fast wicking quick drying breathable br br b details b ul li lap shoulders relax silhouette li li extended roll-down cuffs accommodate growth spurts drop hem waist provides extra coverage li ul br br b fabric b 4.3-oz 100 polyester jersey recyclable common threads recycling program br br b weight b 0 g 0 oz br br made vietnam,2.76,trade,lw sun hoody highly evolved second skin designed maximize time water simultaneous air conditioning tough 30-upf sun protection super-breathable fast drying sun hoody made lightweight polyester jersey 3-panel hood protects head hip-closure pocket keeps keys wax hand lines sorted 've added thumb loops cuffs added coverage recyclable common threads recycling program br br b details b ul li soft supple polyester fabric sun protection li li `` 3-panel self-fabric hood provides airy ventilated sun protection `` li li thumb loops cuffs added coverage sun protection li li zippered pocket hip li li flat seams reduce chafe li ul br br b fabric b 4.3-oz 100 polyester jersey 30-upf sun protection recyclable common threads recycling program br br b weight b 250 g 8.7 oz br br made vietnam,9.55,trade ops,71.09947643979058
31,baby sunshade top soft stretchy polyester fabric fast wicking quick drying breathable br br b details b ul li lap shoulders relax silhouette li li extended roll-down cuffs accommodate growth spurts drop hem waist provides extra coverage li ul br br b fabric b 4.3-oz 100 polyester jersey recyclable common threads recycling program br br b weight b 0 g 0 oz br br made vietnam,2.76,trade,hooded monk sweatshirt sacred garment predawn surf checks sunset barbecues skateboard beer runs ultimate sweatshirt hoody sports graphics t-shirt line made 75 organic cotton 25 polyester fleece softness quick after-surf dry time extended rib-knit cuffs waist recyclable common threads recycling program br br b details b ul li soft organic cotton polyester fabric li li deep 3-panel hood drawcord li li pouch pocket extended rib-knit cuffs waist li ul br br b fabric b 10.3-oz 75 organic cotton 25 polyester fleece recyclable common threads recycling program br br b weight b 626 g 21.7 oz br br made india,3.68,trade ops,25.00000000000001
32,baby sunshade top soft stretchy polyester fabric fast wicking quick drying breathable br br b details b ul li lap shoulders relax silhouette li li extended roll-down cuffs accommodate growth spurts drop hem waist provides extra coverage li ul br br b fabric b 4.3-oz 100 polyester jersey recyclable common threads recycling program br br b weight b 0 g 0 oz br br made vietnam,2.76,trade,reversible phone home travel broadly surf world n't forget call mom reversible road-trip rejuvenation inimitable hooded phone home jacket helps us keep touch made 100 organic cotton fleece lined soft organic cotton jersey comes extended rib-knit waist cuffs roomy pockets fleecy side recyclable common threads recycling program br br b details b ul li organic cotton fleece hoody lined organic cotton jersey li li rib-knit waist cuffs li li drawstring closure hood li li roomy front pockets li li reversible li ul br br b fabric b 10.3-oz 100 organic cotton fleece lining 4.5-oz 100 organic cotton jersey recyclable common threads recycling program br br b weight b 917 g 31.8 oz br br made india,5.26,trade ops,47.52851711026616
33,baggies shorts even baggies popular shorts anything nothing occasionally need update season 've increased inseam length casual fit quick-drying water-repellent nylon elasticized waistband internal drawstring remain ever features include polyester mesh lining rear snap pocket front pockets self-draining mesh corners positioned reduce drag water inseam size 7 `` recyclable common threads recycling program br br b details b ul li quick-drying nylon dwr durable water repellent finish li li elasticized waistband internal drawstring black mesh liner li li vertical on-seam side pockets reduced drag water pocket bags quick-drain-and-dry mesh corners snap-closed back pocket li li `` inseam 7 `` `` `` li ul br br b fabric b 4.2-oz 100 nylon dwr finish lining 5.2-oz 100 polyester mesh recyclable common threads recycling program br br b weight b 233 g 8.1 oz br br made nicaragua,5.47,trade,river shorts river life mighty fine even occasionally wear clothes river shorts provide quick-drying alternative life au naturel light skin-friendly 100 nylon fabric venerable baggies shorts dwr durable water repellent finish resist water 100 polyester mesh lining 've rolled inner leg side-seams forward eliminate chafing added rear yoke customized fit thigh pocket holds river map essentials waistband belt loops web belt separating buckle keeps cinched happen drink inseam length size 10 `` recyclable common threads recycling program br br b details b ul li made quick-drying baggies nylon dwr durable water repellent finish li li pull-on elasticized waistband black mesh liner li li `` fixed webbing belt belt loops separating buckle `` li li self-draining front pockets rear zippered pocket li li horizontal self-draining zip pocket side internal key loop li li forward inseam crotch eliminates chafing li li `` inseam 10 `` `` `` li ul br br b fabric b 4.2-oz 100 nylon dwr durable water repellent finish lining 5.2-oz 100 polyester mesh recyclable common threads recycling program br br b weight b 317 g 11 oz br br made nicaragua,2.46,trade ops,-122.35772357723576
34,baggies shorts even baggies popular shorts anything nothing occasionally need update season 've increased inseam length casual fit quick-drying water-repellent nylon elasticized waistband internal drawstring remain ever features include polyester mesh lining rear snap pocket front pockets self-draining mesh corners positioned reduce drag water inseam size 7 `` recyclable common threads recycling program br br b details b ul li quick-drying nylon dwr durable water repellent finish li li elasticized waistband internal drawstring black mesh liner li li vertical on-seam side pockets reduced drag water pocket bags quick-drain-and-dry mesh corners snap-closed back pocket li li `` inseam 7 `` `` `` li ul br br b fabric b 4.2-oz 100 nylon dwr finish lining 5.2-oz 100 polyester mesh recyclable common threads recycling program br br b weight b 233 g 8.1 oz br br made nicaragua,5.47,trade,baggies shorts summertime unwinds boisterous flurry kids dogs sunshine water do-all go-all baggies shorts flow effortlessly chaos quiet times easy-going feel 're made lightweight quick-to-dry 4-ply 4.2-oz supplex nylon dwr durable water repellent finish shed water self-draining half-mesh pockets bartacked stress points fully elasticized drawcord waist holds onto beanpole hips self-fabric backing no-chafe comfort built-in mesh liner inseam 6 `` recyclable common threads recycling program br br b details b ul li lightweight supplex nylon dries quickly li li full elasticized drawcord waist soft fabric mesh liner li li half-mesh pockets drainage bar tacks side pocket seam stress points li li `` 6 `` `` inseam `` li ul br br b fabric b `` 4-ply 4.2-oz supplex nylon dwr durable water repellent finish recyclable common threads recycling program `` br br b weight b 138 g 4.8 oz br br made nicaragua,6.26,trade ops,12.619808306709265
35,baggies shorts even baggies popular shorts anything nothing occasionally need update season 've increased inseam length casual fit quick-drying water-repellent nylon elasticized waistband internal drawstring remain ever features include polyester mesh lining rear snap pocket front pockets self-draining mesh corners positioned reduce drag water inseam size 7 `` recyclable common threads recycling program br br b details b ul li quick-drying nylon dwr durable water repellent finish li li elasticized waistband internal drawstring black mesh liner li li vertical on-seam side pockets reduced drag water pocket bags quick-drain-and-dry mesh corners snap-closed back pocket li li `` inseam 7 `` `` `` li ul br br b fabric b 4.2-oz 100 nylon dwr finish lining 5.2-oz 100 polyester mesh recyclable common threads recycling program br br b weight b 233 g 8.1 oz br br made nicaragua,5.47,trade,wavefarer board shorts-21 board shorts live long hikes secret spots longer hours water make surf trunks chafe-proof forward inseam crotch tried-and-true wavefarers low rise hit knee prevent wax-rash built tough lightweight quick-drying 4.3-oz 100 nylon dwr durable water repellent finish details include flat-lying single-button fly easy-access self-draining side zip pocket key loop inseam size 32 10 `` outseam 21 `` recyclable common threads recycling program br br b details b ul li `` recyclable lightweight nylon dwr durable water repellent finish `` li li `` flat-lying single-button fly 3-piece self-lined waistband contours hip line `` li li `` horizontal self-draining side-seam zip pocket secure zip internal key loop `` li li forward inseam crotch eliminates chafing li li hem hits knee li li lower rise li li `` inseam 10 `` `` outseam 21 `` `` `` li ul br br b fabric b 4.3-oz 100 nylon dwr finish recyclable common threads recycling program br br b weight b 190 g 6.6 oz br br made thailand,0.19,trade ops,-2778.9473684210525
36,beach bucket whenever 're junction water land neutralize sun 's unforgiving rays wide brim soft design versatile beach bucket durable semi-rigid foam bill black underneath casts refreshing 360-degree shade 6.8-oz 100 stretch-woven nylon fabric looks feels like soft canvas provides water-shedding fast-drying performance details moisture-wicking coolmax headband soft chin strap adjustable rear buckle reliable bond fabric 6.8-oz 100 stretch-woven nylon dwr durable water repellent finish br br b details b ul li `` tough easy care stretch-woven nylon brim durable semi-rigid foam floats `` li li bill provides 360-degree sun protection li li black underbill reduce glare li li soft chin strap moisture-wicking coolmax headband adjustable rear buckle li ul br br b fabric b 6.8-oz 100 stretch-woven nylon dwr durable water repellent finish br br b weight b 106 g 3.7 oz br br made china,2.4,trade,lw travel courier graceful rendition courier bag sleek nearly weightless zippered closure adjustable drawstring zippered security pocket bike light prayer beads breathable adjustable shoulder strap comfortable quick-drying use bag stuffs pocket easy stowing made strong yet extremely lightweight 50-denier triple-ripstop nylon polyurethane coating dwr durable water repellent finish bottom reinforcement 150-denier polyester 47 recycled double-weave shiftlayer br br b details b ul li main compartment accessed top zippered closure adjustable drawstring li li zippered security pocket key clip li li bag stuffs pocket use li li `` breathable shoulder strap ultralight quick-drying adjustable `` li li extremely lightweight triple-ripstop fabric affords excellent tear resistance li ul br br b fabric b 50-denier 100 nylon triple ripstop polyurethane coating dwr durable water repellent finish reinforcements 150-denier 100 polyester 47 recycled double-weave shiftlayer br br b weight b 222 g 7.7 oz br br made philippines,9.15,trade ops,73.77049180327869
37,beach bucket whenever 're junction water land neutralize sun 's unforgiving rays wide brim soft design versatile beach bucket durable semi-rigid foam bill black underneath casts refreshing 360-degree shade 6.8-oz 100 stretch-woven nylon fabric looks feels like soft canvas provides water-shedding fast-drying performance details moisture-wicking coolmax headband soft chin strap adjustable rear buckle reliable bond fabric 6.8-oz 100 stretch-woven nylon dwr durable water repellent finish br br b details b ul li `` tough easy care stretch-woven nylon brim durable semi-rigid foam floats `` li li bill provides 360-degree sun protection li li black underbill reduce glare li li soft chin strap moisture-wicking coolmax headband adjustable rear buckle li ul br br b fabric b 6.8-oz 100 stretch-woven nylon dwr durable water repellent finish br br b weight b 106 g 3.7 oz br br made china,2.4,trade,lw sun hoody highly evolved second skin designed maximize time water simultaneous air conditioning tough 30-upf sun protection super-breathable fast drying sun hoody made lightweight polyester jersey 3-panel hood protects head hip-closure pocket keeps keys wax hand lines sorted 've added thumb loops cuffs added coverage recyclable common threads recycling program br br b details b ul li soft supple polyester fabric sun protection li li `` 3-panel self-fabric hood provides airy ventilated sun protection `` li li thumb loops cuffs added coverage sun protection li li zippered pocket hip li li flat seams reduce chafe li ul br br b fabric b 4.3-oz 100 polyester jersey 30-upf sun protection recyclable common threads recycling program br br b weight b 250 g 8.7 oz br br made vietnam,9.55,trade ops,74.86910994764398
38,beach bucket whenever 're junction water land neutralize sun 's unforgiving rays wide brim soft design versatile beach bucket durable semi-rigid foam bill black underneath casts refreshing 360-degree shade 6.8-oz 100 stretch-woven nylon fabric looks feels like soft canvas provides water-shedding fast-drying performance details moisture-wicking coolmax headband soft chin strap adjustable rear buckle reliable bond fabric 6.8-oz 100 stretch-woven nylon dwr durable water repellent finish br br b details b ul li `` tough easy care stretch-woven nylon brim durable semi-rigid foam floats `` li li bill provides 360-degree sun protection li li black underbill reduce glare li li soft chin strap moisture-wicking coolmax headband adjustable rear buckle li ul br br b fabric b 6.8-oz 100 stretch-woven nylon dwr durable water repellent finish br br b weight b 106 g 3.7 oz br br made china,2.4,trade,marlwalker pants veterans tropics know long pants best way beat damaging effects heat sun salt sand coral need right pair marlwalker pants provide 50 upf sun protection light airy performance water extremely fast-drying 100 nylon fabric resists water absorption prevents chafing fully recyclable high tear strength means marlwalkers stand years pounding surf abrasive jetty rock occasional shore crab streamlined flapless zippered pockets self-draining wo n't grab fly lines string-tie closure 2-button fly recyclable common threads recycling program br br b details b ul li extremely fast drying fabric resists wetting prevents chaffing provides 50+ upf sun protection li li high tear strength promotes long product life harsh conditions li li provides wind protection n't shut airflow li li side rear pocketing self-draining li li internal key loop li li flat-lying 2-button fly tie closure li li `` inseam size 32 `` `` `` li ul br br b fabric b 4.3-oz 100 nylon dwr durable water repellent finish 50+ upf sun protection recyclable common threads recycling program br br b weight b 308 g 10.7 oz br br made thailand,7.58,trade ops,68.33773087071239
